Name,Math,Science,English,Total,Average
Amit,85,90,88,263,87.66666666666667
Priya,78,82,80,240,80.0
Rahul,92,88,95,275,91.66666666666667
Sneha,70,75,72,217,72.33333333333333
